nombre,telefono,web,estado_web,prioridad
Dra. Raquel Gregorio,· 601 51 98 66,http://www.raquelgregorio.com/,desconocido,baja
Neurofisio Sevilla - Fisioterapia a domicilio en Sevilla,· 647 94 49 49,https://neurofisiosevilla.com/,desconocido,baja
Carlos Trigo Fisioterapeuta Deportivo a Domicilio – Sevilla,· 667 96 08 12,,no_web,alta
Clínica de Fisioterapia García de Vinuesa,· 644 09 86 53,http://www.fisioterapiagarciadevinuesa.es/,desconocido,baja
Fisioterapia Luis Jarana,· 633 29 68 63,http://www.fisioterapialuisjarana.es/,desconocido,baja
MT CLINIC,· 669 12 67 77,https://mtclinic.es/,desconocido,baja
FISIOMAR Centro de Fisioterapia,· 954 47 64 39,https://www.fisiomarcentrodefisioterapia.com/,desconocido,baja
Clínica Capacity,· 635 65 28 71,https://www.clinicacapacity.com/,desconocido,baja
Marta Pichardo | Clínica Fisioterapia Sevilla,· 616 77 19 34,http://www.martapichardo.com/,desconocido,baja
AVIRE Center Fisioterapia & Osteopatía,· 611 67 78 68,https://avirecenter.com/,desconocido,baja
Clínica Physial,· 618 33 56 59,http://www.physial.es/,desconocido,baja
Fisioterapia Sevilla,· 854 70 70 03,https://www.fisioterapiasevilla.net/,desconocido,baja
Domofisio,· 694 43 42 03,http://www.domofisio.com/,desconocido,baja
Clínica De Fisioterapia Y Osteopatia Ecofisio,· 955 29 34 25,https://clinicaecofisio.com/,desconocido,baja
Clínica Javier de la Nuez | Osteópata | Fisioterapeuta Mairena del Aljarafe,· 677 54 54 00,https://javierdelanuez.com/,desconocido,baja
Clínica Livalia,· 680 53 78 03,http://www.livalia.es/,desconocido,baja
CitizenFisio - Fisioterapia a Domicilio en Sevilla,· 648 00 22 95,https://www.citizenfisio.com/,desconocido,baja
Clínica de Fisioterapia Marta Montilla,· 658 47 91 28,,no_web,alta
Fisioterapia Sevilla - TaborSalud,· 611 42 94 41,https://taborsalud.com/,desconocido,baja
Quró Fisioterapia,· 633 24 59 71,http://www.qurofisioterapia.es/,desconocido,baja
